id;payload;type;status;created_date;updated_date
1;kindheartedly lonely abaft;SALARY_REQUEST;ACTIVE;2024-09-04;2024-09-04
2;excuse livid;PRIVATE_AGREEMENT_REQUEST;ACTIVE;2024-09-03;2024-09-04
3;ouch now gnash;TAX_ID_REQUEST;CANCELED;2024-09-04;2024-09-03
4;truly;TAX_ID_REQUEST;CANCELED;2024-09-03;2024-09-03
5;ha aha;NEW_HOUSE_REQUEST;COMPLETED;2024-09-03;2024-09-04
6;separately harm;TAX_ID_REQUEST;ACTIVE;2024-09-04;2024-09-04
7;beside generally;SALARY_REQUEST;ACTIVE;2024-09-03;2024-09-04
8;within memorable from;TAX_ID_REQUEST;COMPLETED;2024-09-04;2024-09-03
9;not seemingly;PRIVATE_AGREEMENT_REQUEST;CANCELED;2024-09-04;2024-09-04
10;when rating peer;SALARY_REQUEST;CANCELED;2024-09-04;2024-09-03
